Campaign,Keyword,Criterion Type
ALX | Surveillance | Search,home,Campaign Negative Broad
ALX | Surveillance | Search,residential,Campaign Negative Broad
ALX | Surveillance | Search,diy,Campaign Negative Broad
ALX | Surveillance | Search,cheap,Campaign Negative Broad
ALX | Surveillance | Search,bunnings,Campaign Negative Broad
ALX | Surveillance | Search,kmart,Campaign Negative Broad
ALX | Surveillance | Search,ring,Campaign Negative Broad
ALX | Surveillance | Search,doorbell,Campaign Negative Broad
ALX | Surveillance | Search,wireless,Campaign Negative Broad
ALX | Surveillance | Search,battery,Campaign Negative Broad
ALX | Surveillance | Search,solar,Campaign Negative Broad
ALX | Surveillance | Search,jobs,Campaign Negative Broad
ALX | Surveillance | Search,salary,Campaign Negative Broad
ALX | Surveillance | Search,course,Campaign Negative Broad
ALX | Surveillance | Search,how to install,Campaign Negative Broad
ALX | Surveillance | Search,second hand,Campaign Negative Broad
ALX | Surveillance | Search,used,Campaign Negative Broad
ALX | Surveillance | Search,hikvision price,Campaign Negative Broad
ALX | Surveillance | Search,dahua price,Campaign Negative Broad
ALX | Surveillance | Search,free,Campaign Negative Broad
ALX | Surveillance | Search,rental,Campaign Negative Broad
ALX | Surveillance | Search,apartment,Campaign Negative Broad
ALX | Surveillance | Search,nanny cam,Campaign Negative Broad
ALX | Surveillance | Search,dash cam,Campaign Negative Broad
ALX | Surveillance | Search,hidden camera,Campaign Negative Broad
ALX | Surveillance | Search,jobs,Campaign Negative Broad
ALX | Surveillance | Search,careers,Campaign Negative Broad
ALX | Surveillance | Search,salary,Campaign Negative Broad
ALX | Surveillance | Search,course,Campaign Negative Broad
ALX | Surveillance | Search,training,Campaign Negative Broad
ALX | Surveillance | Search,free,Campaign Negative Broad
ALX | Surveillance | Search,cheap,Campaign Negative Broad
ALX | Surveillance | Search,internship,Campaign Negative Broad
ALX | Surveillance | Search,what is,Campaign Negative Broad
ALX | Surveillance | Search,definition,Campaign Negative Broad
ALX | Surveillance | Search,wikipedia,Campaign Negative Broad
ALX | Surveillance | Search,reddit,Campaign Negative Broad
ALX | Surveillance | Search,template,Campaign Negative Broad
ALX | Surveillance | Search,resume,Campaign Negative Broad
ALX | Surveillance | Search,student,Campaign Negative Broad
ALX | Displacement | Search,jobs,Campaign Negative Broad
ALX | Displacement | Search,careers,Campaign Negative Broad
ALX | Displacement | Search,salary,Campaign Negative Broad
ALX | Displacement | Search,course,Campaign Negative Broad
ALX | Displacement | Search,training,Campaign Negative Broad
ALX | Displacement | Search,free,Campaign Negative Broad
ALX | Displacement | Search,cheap,Campaign Negative Broad
ALX | Displacement | Search,internship,Campaign Negative Broad
ALX | Displacement | Search,what is,Campaign Negative Broad
ALX | Displacement | Search,definition,Campaign Negative Broad
ALX | Displacement | Search,wikipedia,Campaign Negative Broad
ALX | Displacement | Search,reddit,Campaign Negative Broad
ALX | Displacement | Search,template,Campaign Negative Broad
ALX | Displacement | Search,resume,Campaign Negative Broad
ALX | Displacement | Search,student,Campaign Negative Broad
ALX | Managed IT | Search,jobs,Campaign Negative Broad
ALX | Managed IT | Search,careers,Campaign Negative Broad
ALX | Managed IT | Search,salary,Campaign Negative Broad
ALX | Managed IT | Search,course,Campaign Negative Broad
ALX | Managed IT | Search,training,Campaign Negative Broad
ALX | Managed IT | Search,free,Campaign Negative Broad
ALX | Managed IT | Search,cheap,Campaign Negative Broad
ALX | Managed IT | Search,internship,Campaign Negative Broad
ALX | Managed IT | Search,what is,Campaign Negative Broad
ALX | Managed IT | Search,definition,Campaign Negative Broad
ALX | Managed IT | Search,wikipedia,Campaign Negative Broad
ALX | Managed IT | Search,reddit,Campaign Negative Broad
ALX | Managed IT | Search,template,Campaign Negative Broad
ALX | Managed IT | Search,resume,Campaign Negative Broad
ALX | Managed IT | Search,student,Campaign Negative Broad
